{
	"partitions" : [
		{
			"name" : "Top",
			"pins" : [
				{
					"name" : "d3[0]",
					"strict" : false
				},
				{
					"name" : "d3[1]",
					"strict" : false
				},
				{
					"name" : "d3[2]",
					"strict" : false
				},
				{
					"name" : "d3[3]",
					"strict" : false
				},
				{
					"name" : "d3[4]",
					"strict" : false
				},
				{
					"name" : "d3[5]",
					"strict" : false
				},
				{
					"name" : "d3[6]",
					"strict" : false
				},
				{
					"name" : "d2[0]",
					"strict" : false
				},
				{
					"name" : "d2[1]",
					"strict" : false
				},
				{
					"name" : "d2[2]",
					"strict" : false
				},
				{
					"name" : "d2[3]",
					"strict" : false
				},
				{
					"name" : "d2[4]",
					"strict" : false
				},
				{
					"name" : "d2[5]",
					"strict" : false
				},
				{
					"name" : "d2[6]",
					"strict" : false
				},
				{
					"name" : "d1[0]",
					"strict" : false
				},
				{
					"name" : "d1[1]",
					"strict" : false
				},
				{
					"name" : "d1[2]",
					"strict" : false
				},
				{
					"name" : "d1[3]",
					"strict" : false
				},
				{
					"name" : "d1[4]",
					"strict" : false
				},
				{
					"name" : "d1[5]",
					"strict" : false
				},
				{
					"name" : "d1[6]",
					"strict" : false
				},
				{
					"name" : "d6[0]",
					"strict" : false
				},
				{
					"name" : "d6[1]",
					"strict" : false
				},
				{
					"name" : "d6[2]",
					"strict" : false
				},
				{
					"name" : "d6[3]",
					"strict" : false
				},
				{
					"name" : "d6[4]",
					"strict" : false
				},
				{
					"name" : "d6[5]",
					"strict" : false
				},
				{
					"name" : "d6[6]",
					"strict" : false
				},
				{
					"name" : "d5[0]",
					"strict" : false
				},
				{
					"name" : "d5[1]",
					"strict" : false
				},
				{
					"name" : "d5[2]",
					"strict" : false
				},
				{
					"name" : "d5[3]",
					"strict" : false
				},
				{
					"name" : "d5[4]",
					"strict" : false
				},
				{
					"name" : "d5[5]",
					"strict" : false
				},
				{
					"name" : "d5[6]",
					"strict" : false
				},
				{
					"name" : "d4[0]",
					"strict" : false
				},
				{
					"name" : "d4[1]",
					"strict" : false
				},
				{
					"name" : "d4[2]",
					"strict" : false
				},
				{
					"name" : "d4[3]",
					"strict" : false
				},
				{
					"name" : "d4[4]",
					"strict" : false
				},
				{
					"name" : "d4[5]",
					"strict" : false
				},
				{
					"name" : "d4[6]",
					"strict" : false
				},
				{
					"name" : "FlagCarryOut",
					"strict" : false
				},
				{
					"name" : "FlagErro",
					"strict" : false
				},
				{
					"name" : "FlagZero",
					"strict" : false
				},
				{
					"name" : "FlagOverflow",
					"strict" : false
				},
				{
					"name" : "overflow_result",
					"strict" : false
				},
				{
					"name" : "sel_ope[0]",
					"strict" : false
				},
				{
					"name" : "sel_ope[1]",
					"strict" : false
				},
				{
					"name" : "clk",
					"strict" : false
				},
				{
					"name" : "reset",
					"strict" : false
				},
				{
					"name" : "A[2]",
					"strict" : false
				},
				{
					"name" : "last_operation",
					"strict" : false
				},
				{
					"name" : "A[0]",
					"strict" : false
				},
				{
					"name" : "A[1]",
					"strict" : false
				},
				{
					"name" : "A[3]",
					"strict" : false
				},
				{
					"name" : "A[4]",
					"strict" : false
				},
				{
					"name" : "A[5]",
					"strict" : false
				},
				{
					"name" : "A[6]",
					"strict" : false
				},
				{
					"name" : "A[7]",
					"strict" : false
				},
				{
					"name" : "Enable",
					"strict" : false
				}
			]
		}
	]
}